insert into oauth.role (id, role_name, `desc`, enable)
values (1, 'ROLE_SYS_ADMIN', null, 1),
       (2, 'ROLE_SYS_RESOURCE', null, 1),
       (3, 'ROLE_SYS_USER_L1', null, 1),
       (4, 'ROLE_SYS_USER_L2', null, 1),
       (5, 'ROLE_SYS_USER_L3', null, 1);

insert into oauth.system (id, system_code, secret, `desc`, enable)
values (1, 'FRIZO_USER', 'X33RQNQG69CA62AOCUQK5XKRUX9BXUH4', '一般 user 帳號', 1),
       (2, 'FRIZO_ADMIN', 'RCUG8GILMLVMK6JT8AWTXCALTIQZYHQ8', 'admin 帳號', 1),
       (3, 'FRIZO_RESOURCE', 'V4F01M2YHUPJRVXVAQSO4P8R5MJH9ZJD', 'resource server', 1);

insert into oauth.system_settings (id, key, value, memo, json_data)
values (1, 'jwt.private.key', '-----BEGIN PRIVATE KEY-----
MIIEvwIBADANBgkqhkiG9w0BAQEFAASCBKkwggSlAgEAAoIBAQCcalnn5Qiffkkuc0z4LXhbBnP41tDZ9xXZCWD2bjtK49zl8Dq1jAnW1eeQJWy1XXs8ZicPPek6JF9p3XxuhYX9mSSuZCd2NXfaBI079TlLXK8A2KInhG9mfxkXtGrBHC5LaZSGJf7S1ROoWNTrC949YUIuQ9CqEXlJ6rSKFYIgQD9IXnn4DVArLiZWkRCgG9bhQSdLSh4lxf2g916CMLcG8umVP68fg6cD3k7NZikzfS9p93tYgPnd9m70poC8Ip08hZxKyEXXltqiePUdTAntJNhfv6VOQQuSYF66bYfquY6HzHQ3VyDqK5xMbSI12qMgazAaTbzigwcUvOFbA7rLAgMBAAECggEAZnIRqJyN5UilTdMe2n2NkrDLTHQGHnyCxsApzb2tAAP2LnQFP9sUpq07GWIprTApAwo1EvqNwxMHmyMB2LGDbPHc4IugfP/QG+9XQan/eKifxoIc0p0fCZa9LJVyRkDa4XGpYaOJHzWHxn9IFRqU2MbWvc6U4I7JTex3iulDbTMhF4R0M76Z3jtlhGlWsq/2kintBbje+ZXAFvPTGdo3DV/vih2uli9/YqUsDMphdW/m8tCVYmW9hpKiQYcp0/Dv8kLzB2/jeZ+BRoTeS09JLpO2sFEiJATyXmpq2Qhk8g0y6zy5drzjxkun5x5wBgSOulNT4EZddaTkmcIWrVOJoQKBgQDLL+elScwNJBmA3CZdXGcbbfE4qK29kXcB2kG//0FFBwWVhFUXg6pgOvWINVfar3gguUFnIKklA3Wb859Q9kW3gMyA/w2104AO4G71o2fyNydabeYsxh1WKHWpobQWxyXqJne6pr3ukTb3tp8UPKfb1OFdtjMEduGjQfBO3EfhhQKBgQDFEkCbhS6MjBhGJnlUUSUcY5aNFvIixv+arXheR+IzJCuosgJrmFRXQbCBx/3/4xQJZuEdPehjWCDq7kTJdZgrKMzBoVrVnn3uuA3t6r6u7HjkYflsYdT+OfYaZJdjMUHho94n4PSlYvRqQ6eCGjAaJ26Kie1Dnu5QAc2w3gy0DwKBgQCVrNtSWhNzVrVmxEWKnqfhf9KjLzaVH5PwDGxE1+6nv61wX8QjBz25l5UJWmo2UO4IBQ/VvSx8dJjtYcBpbpEaxUlgeQILgBqkWtXCIzZOKizWI4DcWLCBqFpMtC6qXNdkLiQinfPpypUYUzHKQYhRmvbNBot8bWp3zfoMzZ4x1QKBgQC1L2jTE4mOkqcmp+zZBpnWFgGuyi/opYkPTvnhxLlFR7YULUVoYu74Il8DkzoF72LWmg3Scr6bx8TL+jCoAEPdOm+2foEi8cralcHIwhB6htNHNoS5juDis6t+7Ij7G6h0qdJwW7TR8b7BjF4PkcAz65kIKnNHvnFggaf5Os33JQKBgQDGPTQxfg0wIpbTzjCIXlQ7jH5u8M3J5vzFS48egZl3gSuV37QXQ2XsM0SOi1bviZmUp5XSfuH3wjk9tLuVRjYkYIzIotc8wi46UwyJ7A01psqvIMgLF1tIvEfOiqZCvkqehDnp98Wsv/d6VPOmvkt4HJzGxQ9vPbMWtQmKDj3jdQ==
-----END PRIVATE KEY-----', null, '{}'),
       (2, 'jwt.public.key', '-----BEGIN PUBLIC KEY-----
MIIBIjANBgkqhkiG9w0BAQEFAAOCAQ8AMIIBCgKCAQEAnGpZ5+UIn35JLnNM+C14WwZz+NbQ2fcV2Qlg9m47SuPc5fA6tYwJ1tXnkCVstV17PGYnDz3pOiRfad18boWF/ZkkrmQndjV32gSNO/U5S1yvANiiJ4RvZn8ZF7RqwRwuS2mUhiX+0tUTqFjU6wvePWFCLkPQqhF5Seq0ihWCIEA/SF55+A1QKy4mVpEQoBvW4UEnS0oeJcX9oPdegjC3BvLplT+vH4OnA95OzWYpM30vafd7WID53fZu9KaAvCKdPIWcSshF15baonj1HUwJ7STYX7+lTkELkmBeum2H6rmOh8x0N1cg6iucTG0iNdqjIGswGk284oMHFLzhWwO6ywIDAQAB
-----END PUBLIC KEY-----', null, '{}'),
       (3, 'jwt.exp.min', '3600', null, '{}');

insert into oauth.scope (id, resouce_id, scope, enable, `desc`)
values (1, 1, 'mall.read', 1, '商城模組'),
       (2, 1, 'mall.write', 1, '商城模組'),
       (3, 1, 'mall.sp', 1, '商城模組'),
       (4, 2, 'cart.read', 1, '購物車模組'),
       (5, 2, 'cart.write', 1, '購物車模組'),
       (6, 2, 'cart.sp', 1, '購物車模組'),
       (7, 3, 'payment.read', 1, '支付模組'),
       (8, 3, 'payment.write', 1, '支付模組'),
       (9, 3, 'payment.sp', 1, '支付模組'),
       (10, 4, 'order.read', 1, '訂單模組'),
       (11, 4, 'order.write', 1, '訂單模組'),
       (12, 4, 'order.sp', 1, '訂單模組'),
       (13, 5, 'consumer.read', 1, '用戶模組'),
       (14, 5, 'consumer.write', 1, '用戶模組'),
       (15, 5, 'consumer.sp', 1, '用戶模組'),
       (16, 6, 'oauth.read', 1, 'oauth 模組'),
       (17, 6, 'oauth.write', 1, 'oauth 模組'),
       (18, 6, 'oauth.sp', 1, 'oauth 模組'),
       (19, 7, 'vendor.read', 1, 'vendor 模組'),
       (20, 7, 'vendor.write', 1, 'vendor 模組'),
       (21, 7, 'vendor.sp', 1, 'vendor 模組');

insert into oauth.resource_servive (id, service_name, `desc`, created_at, updated_at)
values (1, 'mall', '商城模組', '2024-05-27 23:00:03', '2024-05-27 23:00:03'),
       (2, 'cart', '購物車模組', '2024-05-27 23:00:03', '2024-05-27 23:00:03'),
       (3, 'payment', '支付模組', '2024-05-27 23:00:03', '2024-05-27 23:00:03'),
       (4, 'order', '訂單模組', '2024-05-27 23:00:03', '2024-05-27 23:00:03'),
       (5, 'consumer', '用戶模組', '2024-05-27 23:00:03', '2024-05-27 23:00:03'),
       (6, 'oauth', 'oauth 模組', '2024-05-27 23:00:03', '2024-05-27 23:00:03'),
       (7, 'vendor', 'vendor 模組', '2024-05-27 23:00:03', '2024-05-27 23:00:03');

insert into oauth.role_default_scopes (role_id, scope_id, enabled)
values (1, 1, 1),
       (1, 2, 1),
       (1, 3, 1),
       (1, 4, 1),
       (1, 5, 1),
       (1, 6, 1),
       (1, 7, 1),
       (1, 8, 1),
       (1, 9, 1),
       (1, 10, 1),
       (1, 11, 1),
       (1, 12, 1),
       (1, 13, 1),
       (1, 14, 1),
       (1, 15, 1),
       (1, 16, 1),
       (1, 17, 1),
       (1, 18, 1),
       (1, 19, 1),
       (1, 20, 1),
       (1, 21, 1),
       (2, 1, 1),
       (2, 2, 1),
       (2, 3, 1),
       (2, 4, 1),
       (2, 5, 1),
       (2, 6, 1),
       (2, 7, 1),
       (2, 8, 1),
       (2, 9, 1),
       (2, 10, 1),
       (2, 11, 1),
       (2, 12, 1),
       (2, 13, 1),
       (2, 14, 1),
       (2, 15, 1),
       (2, 16, 1),
       (2, 17, 1),
       (2, 18, 1),
       (2, 19, 1),
       (2, 20, 1),
       (2, 21, 1),
       (3, 1, 1),
       (3, 2, 1),
       (3, 4, 1),
       (3, 5, 1),
       (3, 7, 1),
       (3, 8, 1),
       (3, 10, 1),
       (3, 11, 1),
       (3, 13, 1),
       (3, 14, 1),
       (3, 16, 1),
       (3, 17, 1),
       (3, 19, 1),
       (3, 20, 1),
       (4, 1, 1),
       (4, 2, 1),
       (4, 4, 1),
       (4, 5, 1),
       (4, 7, 1),
       (4, 8, 1),
       (4, 10, 1),
       (4, 11, 1),
       (4, 13, 1),
       (4, 14, 1),
       (4, 16, 1),
       (4, 17, 1),
       (4, 19, 1),
       (4, 20, 1),
       (5, 1, 1),
       (5, 2, 1),
       (5, 4, 1),
       (5, 5, 1),
       (5, 7, 1),
       (5, 8, 1),
       (5, 10, 1),
       (5, 11, 1),
       (5, 13, 1),
       (5, 14, 1),
       (5, 16, 1),
       (5, 17, 1),
       (5, 19, 1),
       (5, 20, 1);

insert into oauth.resource_service_scope (resource_id, scope_id, enable)
values (1, 1, 1),
       (1, 2, 1),
       (1, 3, 1),
       (2, 4, 1),
       (2, 5, 1),
       (2, 6, 1),
       (3, 7, 1),
       (3, 8, 1),
       (3, 9, 1),
       (4, 10, 1),
       (4, 11, 1),
       (4, 12, 1),
       (5, 13, 1),
       (5, 14, 1),
       (5, 15, 1),
       (6, 16, 1),
       (6, 17, 1),
       (6, 18, 1),
       (7, 19, 1),
       (7, 20, 1),
       (7, 21, 1);